Category,Count,Percentage
Classroom-Ready,973,77.71565495207668
Refine Quality,241,19.249201277955272
Realign Content,31,2.476038338658147
Major Revision,7,0.5591054313099041
